,D
0,size
1,command_executions
2,files_copied
3,services_opened
4,android.permission.ACCESS_BACKGROUND_LOCATION
5,android.permission.ACCESS_COARSE_LOCATION
6,android.permission.ANSWER_PHONE_CALLS
7,android.permission.BIND_CALL_REDIRECTION_SERVICE
8,android.permission.BIND_INPUT_METHOD
9,android.permission.BIND_REMOTEVIEWS
10,android.permission.BIND_VISUAL_VOICEMAIL_SERVICE
11,android.permission.BROADCAST_PACKAGE_REMOVED
12,android.permission.CAPTURE_AUDIO_OUTPUT
13,android.permission.CHANGE_COMPONENT_ENABLED_STATE
14,android.permission.CHANGE_CONFIGURATION
15,android.permission.INSTALL_LOCATION_PROVIDER
16,android.permission.INSTALL_PACKAGES
17,android.permission.INSTANT_APP_FOREGROUND_SERVICE
18,android.permission.INTERNET
19,android.permission.MANAGE_OWN_CALLS
20,android.permission.MODIFY_AUDIO_SETTINGS
21,android.permission.PERSISTENT_ACTIVITY
22,android.permission.READ_PHONE_NUMBERS
23,android.permission.READ_SYNC_STATS
24,com.android.voicemail.permission.READ_VOICEMAIL
25,android.permission.USE_FINGERPRINT
26,android.permission.USE_FULL_SCREEN_INTENT
27,android.permission.VIBRATE
28,android.permission.WRITE_CALL_LOG
29,android.permission.WRITE_CONTACTS
30,android.permission.WRITE_SYNC_SETTINGS
31,android.permission.WRITE_VOICEMAIL
32,OP_ADD_LONG_2ADDR
33,OP_AGET_CHAR
34,OP_AGET_SHORT
35,OP_AND_INT_2ADDR
36,OP_CONST_HIGH16
37,OP_CONST_STRING
38,OP_DIV_FLOAT
39,OP_DIV_FLOAT_2ADDR
40,OP_DIV_INT_LIT8
41,OP_DOUBLE_TO_FLOAT
42,OP_FILLED_NEW_ARRAY
43,OP_FILLED_NEW_ARRAY_JUMBO
44,OP_IF_LEZ
45,OP_IF_LTZ
46,OP_IGET_OBJECT_QUICK
47,OP_INT_TO_SHORT
48,OP_INVOKE_STATIC
49,OP_INVOKE_VIRTUAL_JUMBO
50,OP_IPUT_BOOLEAN_JUMBO
51,OP_IPUT_QUICK
52,OP_LONG_TO_INT
53,OP_MOVE_OBJECT_16
54,OP_MOVE_WIDE_16
55,OP_NEG_LONG
56,OP_NOT_LONG
57,OP_OR_INT_2ADDR
58,OP_REM_LONG
59,OP_RETURN
60,OP_SHL_LONG
61,OP_SHR_INT
62,OP_SPUT
63,OP_SPUT_CHAR
64,OP_SUB_DOUBLE_2ADDR
65,OP_SUB_LONG
